<?xml version="1.0" encoding="UTF-8"?>

<mule xmlns:http="http://www.mulesoft.org/schema/mule/http"
	xmlns:json="http://www.mulesoft.org/schema/mule/json"
	xmlns:dw="http://www.mulesoft.org/schema/mule/ee/dw"
	xmlns:scripting="http://www.mulesoft.org/schema/mule/scripting"
	xmlns:api-platform-gw="http://www.mulesoft.org/schema/mule/api-platform-gw"
	xmlns:secure-property-placeholder="http://www.mulesoft.org/schema/mule/secure-property-placeholder"
	xmlns:ws="http://www.mulesoft.org/schema/mule/ws"
	xmlns:context="http://www.springframework.org/schema/context"
	xmlns:jms="http://www.mulesoft.org/schema/mule/jms"
	xmlns="http://www.mulesoft.org/schema/mule/core" xmlns:doc="http://www.mulesoft.org/schema/mule/documentation"
	xmlns:spring="http://www.springframework.org/schema/beans" 
	xmlns:xsi="http://www.w3.org/2001/XMLSchema-instance"
	xsi:schemaLocation="http://www.mulesoft.org/schema/mule/http http://www.mulesoft.org/schema/mule/http/current/mule-http.xsd
http://www.mulesoft.org/schema/mule/json http://www.mulesoft.org/schema/mule/json/current/mule-json.xsd
http://www.mulesoft.org/schema/mule/ee/dw http://www.mulesoft.org/schema/mule/ee/dw/current/dw.xsd
http://www.mulesoft.org/schema/mule/scripting http://www.mulesoft.org/schema/mule/scripting/current/mule-scripting.xsd
http://www.mulesoft.org/schema/mule/api-platform-gw http://www.mulesoft.org/schema/mule/api-platform-gw/current/mule-api-platform-gw.xsd
http://www.mulesoft.org/schema/mule/secure-property-placeholder http://www.mulesoft.org/schema/mule/secure-property-placeholder/current/mule-secure-property-placeholder.xsd
http://www.mulesoft.org/schema/mule/ws http://www.mulesoft.org/schema/mule/ws/current/mule-ws.xsd
http://www.springframework.org/schema/context http://www.springframework.org/schema/context/spring-context-current.xsd
http://www.mulesoft.org/schema/mule/jms http://www.mulesoft.org/schema/mule/jms/current/mule-jms.xsd
http://www.springframework.org/schema/beans http://www.springframework.org/schema/beans/spring-beans-current.xsd
http://www.mulesoft.org/schema/mule/core http://www.mulesoft.org/schema/mule/core/current/mule.xsd">
     <!-- ActiveMQ configuration -->
	<jms:activemq-connector name="ActiveMQConfiguration"
		username="${amq.username}" password="${amq.password}" brokerURL="${amq.broker.url}"
		validateConnections="true" persistentDelivery="true" doc:name="Active MQ"
		connectionFactory-ref="amqFactory" maxRedelivery="${amq.max.redelivery.attempts}" specification="1.1" numberOfConsumers="${amq.consumers}">
        <reconnect-forever frequency="${amq.reconnection.frequency}"/>
    </jms:activemq-connector>
    
    <spring:beans>
      		<spring:bean id="amqFactory" class="org.apache.activemq.ActiveMQConnectionFactory" name="amqFactory">
			<spring:property name="brokerURL" value="${amq.broker.url}" />
			<spring:property name="redeliveryPolicy">
				<spring:bean class="org.apache.activemq.RedeliveryPolicy">
					<spring:property name="initialRedeliveryDelay"
						value="${amq.initial.redelivery.delay}" />
					<spring:property name="redeliveryDelay" value="${amq.redelivery.delay}" />
					<spring:property name="backOffMultiplier" value="${amq.backoff.multiplier}" />
					<spring:property name="useExponentialBackOff" value="${amq.use.exponential.backoff}" />
			        <!-- Max redelivery attempts set in rollback exception strategy.
			        <spring:property name="maximumRedeliveries" value="${amq.max.redelivery.attempts}"/>
			        -->
				</spring:bean>
			</spring:property>
		</spring:bean>        
    </spring:beans>
    
    
</mule>												 