<?xml version="1.0" encoding="UTF-8"?>

<mule xmlns:context="http://www.springframework.org/schema/context" xmlns:tls="http://www.mulesoft.org/schema/mule/tls"
	xmlns:http="http://www.mulesoft.org/schema/mule/http"
	xmlns="http://www.mulesoft.org/schema/mule/core" xmlns:doc="http://www.mulesoft.org/schema/mule/documentation"
	xmlns:spring="http://www.springframework.org/schema/beans" version="EE-3.9.0"
	xmlns:xsi="http://www.w3.org/2001/XMLSchema-instance"
	xsi:schemaLocation="http://www.springframework.org/schema/context http://www.springframework.org/schema/context/spring-context-current.xsd 
http://www.mulesoft.org/schema/mule/tls http://www.mulesoft.org/schema/mule/tls/current/mule-tls.xsd 
http://www.mulesoft.org/schema/mule/http http://www.mulesoft.org/schema/mule/http/current/mule-http.xsd http://www.springframework.org/schema/beans http://www.springframework.org/schema/beans/spring-beans-current.xsd
http://www.mulesoft.org/schema/mule/core http://www.mulesoft.org/schema/mule/core/current/mule.xsd">

	<!-- API HTTP Listener configuration -->	
	<http:listener-config name="HTTP_Listener" host="0.0.0.0" port="${http.port}" doc:name="HTTP Listener Configuration"/>
	<http:listener-config name="HTTP_Private_Listener" host="0.0.0.0" port="${http.private.port}" doc:name="HTTP Listener Configuration"/>
	
	<!-- API HTTPS Listener configuration -->
	<http:listener-config name="HTTPS_Listener" host="0.0.0.0" port="${https.port}" protocol="HTTPS" tlsContext-ref="tls-context-config" doc:name="HTTPS Listener Configuration" />
	<http:listener-config name="HTTPS_Private_Listener" host="0.0.0.0" port="${https.private.port}" protocol="HTTPS" tlsContext-ref="tls-context-config" doc:name="HTTPS Listener Configuration" />
	
	<!-- Global TLS config used for HTTPS Listeners -->
	<tls:context name="tls-context-config">
		<tls:key-store path="${https.keystore.file}" password="${https.store.password}" keyPassword="${https.key.password}" type="jks" />
	</tls:context>
	
	<context:property-placeholder ignore-resource-not-found="true" ignore-unresolvable="true" location="classpath:api-http-listener-config.properties" />
</mule>
