<mule xmlns:context="http://www.springframework.org/schema/context" xmlns:validation="http://www.mulesoft.org/schema/mule/validation" xmlns:dw="http://www.mulesoft.org/schema/mule/ee/dw" xmlns:json="http://www.mulesoft.org/schema/mule/json" xmlns:email="http://www.mulesoft.org/schema/mule/email" xmlns:http="http://www.mulesoft.org/schema/mule/http" xmlns:tracking="http://www.mulesoft.org/schema/mule/ee/tracking"  xmlns="http://www.mulesoft.org/schema/mule/core" xmlns:doc="http://www.mulesoft.org/schema/mule/documentation"
	xmlns:spring="http://www.springframework.org/schema/beans" 
	xmlns:xsi="http://www.w3.org/2001/XMLSchema-instance"
	xsi:schemaLocation="http://www.springframework.org/schema/beans http://www.springframework.org/schema/beans/spring-beans-current.xsd
http://www.mulesoft.org/schema/mule/core http://www.mulesoft.org/schema/mule/core/current/mule.xsd
http://www.mulesoft.org/schema/mule/ee/tracking http://www.mulesoft.org/schema/mule/ee/tracking/current/mule-tracking-ee.xsd
http://www.mulesoft.org/schema/mule/http http://www.mulesoft.org/schema/mule/http/current/mule-http.xsd
http://www.mulesoft.org/schema/mule/validation http://www.mulesoft.org/schema/mule/validation/current/mule-validation.xsd
http://www.springframework.org/schema/context http://www.springframework.org/schema/context/spring-context-current.xsd">
    <context:property-placeholder ignore-resource-not-found="true" ignore-unresolvable="true" location="classpath:error-handler-router.properties"/>
    
    <sub-flow name="error-routing-per-http-status">
        <choice doc:name="Validate HTTP Responses">
            <when expression="#[message.inboundProperties.'http.status' == 400]">
                
                <validation:is-false message="#[payload]" exceptionClass="org.mule.module.apikit.exception.BadRequestException" expression="#[message.inboundProperties.'http.status' == 400]" doc:name="Validate HTTP 400"/>
            </when>
            <when expression="#[message.inboundProperties.'http.status' == 409]">
                
                <validation:is-false message="#[payload]" exceptionClass="org.mule.services.apiframework.exceptions.ConflictException" expression="#[message.inboundProperties.'http.status' == 409]" doc:name="Validate HTTP 409"/>
            </when>
            <when expression="#[message.inboundProperties.'http.status' == 500]">
                
                <validation:is-false message="#[payload]" exceptionClass="java.lang.Exception" expression="#[message.inboundProperties.'http.status' == 500]" doc:name="Validate HTTP 500"/>
            </when>
            <when expression="#[message.inboundProperties.'http.status' == 503]">
                
                <validation:is-false message="#[payload]" exceptionClass="org.mule.services.apiframework.exceptions.ServiceUnavailableException" expression="#[message.inboundProperties.'http.status' == 503]" doc:name="Validate HTTP 503"/>
            </when>
            <when expression="#[message.inboundProperties.'http.status' == 304]">
                
                <validation:is-false message="#[payload]" exceptionClass="org.mule.services.apiframework.exceptions.NotModifiedException" expression="#[message.inboundProperties.'http.status' == 304]" doc:name="Validate HTTP 304"/>
            </when>
            <when expression="#[message.inboundProperties.'http.status' == 401]">
                
                <validation:is-false message="#[payload]" exceptionClass="org.mule.api.security.UnauthorisedException" expression="#[message.inboundProperties.'http.status' == 401]" doc:name="Validate HTTP 401"/>
            </when>
            <when expression="#[message.inboundProperties.'http.status' == 403]">
                
                <validation:is-false message="#[payload]" exceptionClass="org.mule.services.apiframework.exceptions.ForbiddenException" expression="#[message.inboundProperties.'http.status' == 403]" doc:name="Validate HTTP 403"/>
            </when>
            <when expression="#[message.inboundProperties.'http.status' == 404]">
                
                <validation:is-false message="#[payload]" exceptionClass="org.mule.module.apikit.exception.NotFoundException" expression="#[message.inboundProperties.'http.status' == 404]" doc:name="Validate HTTP 404"/>
            </when>
            <when expression="#[message.inboundProperties.'http.status' == 405]">
                
                <validation:is-false message="#[payload]" exceptionClass="org.mule.module.apikit.exception.MethodNotAllowedException" expression="#[message.inboundProperties.'http.status' == 405]" doc:name="Validate HTTP 405"/>
            </when>
            <when expression="#[message.inboundProperties.'http.status' == 406]">
                
                <validation:is-false message="#[payload]" exceptionClass="org.mule.module.apikit.exception.NotAcceptableException" expression="#[message.inboundProperties.'http.status' == 406]" doc:name="Validate HTTP 406"/>
            </when>
            <when expression="#[message.inboundProperties.'http.status' == 415]">
                
                <validation:is-false message="#[payload]" exceptionClass="org.mule.module.apikit.exception.UnsupportedMediaTypeException" expression="#[message.inboundProperties.'http.status' == 415]" doc:name="Validate HTTP 415"/>
            </when>
            <when expression="#[message.inboundProperties.'http.status' == 429]">
                
                <validation:is-false message="#[payload]" exceptionClass="org.mule.services.apiframework.exceptions.TooManyRequestsException" expression="#[message.inboundProperties.'http.status' == 429]" doc:name="Validate HTTP 429"/>
            </when>
            <when expression="#[message.inboundProperties.'http.status'.toString().matches('2[0-9]{2}')]">
               <logger level="INFO" doc:name="Log 2XX Error Code" message="The error code was 2XX and hence not doing any validation"/> 
            </when>
            <otherwise>
                <logger message="As the error code is not in the HTTP Response Codes List, it will be mapped as 500" level="INFO" doc:name="Log Default 500"/>
                <validation:is-false message="As the error code is not in the HTTP Response Codes List. Default Mapping" expression="#[message.inboundProperties.'http.status' != 400 || message.inboundProperties.'http.status' != 409 || message.inboundProperties.'http.status' != 401 || message.inboundProperties.'http.status' != 403 || message.inboundProperties.'http.status' != 404 || message.inboundProperties.'http.status' != 405 || message.inboundProperties.'http.status' != 406 || message.inboundProperties.'http.status' != 415 || message.inboundProperties.'http.status' != 429 || message.inboundProperties.'http.status' != 304 || message.inboundProperties.'http.status' != 500 || message.inboundProperties.'http.status' != 503 || message.inboundProperties.'http.status' != 200 ]" doc:name="Other Response Code" exceptionClass="org.mule.module.http.internal.request.ResponseValidatorException"/>
            </otherwise>
        </choice>
    </sub-flow>
    
    </mule>
