<?xml version="1.0" encoding="UTF-8"?>

<mule xmlns:dw="http://www.mulesoft.org/schema/mule/ee/dw" xmlns="http://www.mulesoft.org/schema/mule/core"
	xmlns:doc="http://www.mulesoft.org/schema/mule/documentation"
	xmlns:spring="http://www.springframework.org/schema/beans" xmlns:xsi="http://www.w3.org/2001/XMLSchema-instance"
	xsi:schemaLocation="http://www.springframework.org/schema/beans http://www.springframework.org/schema/beans/spring-beans-current.xsd
http://www.mulesoft.org/schema/mule/ee/dw http://www.mulesoft.org/schema/mule/ee/dw/current/dw.xsd
http://www.mulesoft.org/schema/mule/core http://www.mulesoft.org/schema/mule/core/current/mule.xsd">
    

<choice-exception-strategy name="Global-Request-Reply-Exception-Strategy">
	<catch-exception-strategy
		when="#[exception.causedBy(org.mule.module.http.internal.request.ResponseValidatorException) || exception.causedBy(org.mule.module.ws.consumer.SoapFaultException) || exception.causedBy(org.apache.cxf.interceptor.Fault)]"
		doc:name="Caused By (org.mule.module.http.internal.request.ResponseValidatorException)">
		<choice doc:name="HTTP Status?">
			<when expression="#[message.inboundProperties['http.status'] == 401]">
				<set-variable variableName="errorMessage"
					value="Upstream service did not authorize the request." doc:name="errorMessage" />
				<flow-ref name="unauthorized-response-sub-flow" doc:name="unauthorized-response-sub-flow" />
			</when>
			<when expression="#[message.inboundProperties['http.status'] == 403]">
				<set-variable variableName="errorMessage"
					value="Access to the upstream service is forbidden." doc:name="errorMessage" />
				<flow-ref name="forbidden-response-sub-flow"
					doc:name="forbidden-response-sub-flow" />
			</when>
			<when expression="#[message.inboundProperties['http.status'] == 404]">
				<set-variable variableName="errorMessage"
					value="Resource not found in upstream service" doc:name="errorMessage" />
				<flow-ref name="global-resource-not-found-response-sub-flow"
					doc:name="global-resource-not-found-response-sub-flow" />
			</when>			
			<when expression="#[message.inboundProperties['http.status'] == 405]">
				<set-variable variableName="errorMessage"
					value="Method not allowed in upstream service." doc:name="errorMessage" />
				<flow-ref name="global-method-not-allowed-response-sub-flow"
					doc:name="global-method-not-allowed-response-sub-flow" />
			</when>			
			<when expression="#[message.inboundProperties['http.status'] == 406]">
				<set-variable variableName="errorMessage"
					value="Request not acceptable in upstream service" doc:name="errorMessage" />
				<flow-ref name="global-not-acceptable-response-sub-flow"
					doc:name="global-not-acceptable-response-sub-flow" />
			</when>			
			<when expression="#[message.inboundProperties['http.status'] == 409]">
				<set-variable variableName="errorMessage"
					value="Conflict in upstream service." doc:name="errorMessage" />
				<flow-ref name="global-conflict-response-sub-flow"
					doc:name="global-conflict-response-sub-flow" />
			</when>			
			<when expression="#[message.inboundProperties['http.status'] == 415]">
				<set-variable variableName="errorMessage"
					value="Unsupported media type sent to upstream service" doc:name="errorMessage" />
				<flow-ref name="global-unsupported-media-type-response-sub-flow"
					doc:name="global-unsupported-media-type-response-sub-flow" />
			</when>			
						
			<when expression="#[message.inboundProperties['http.status'] == 502]">
				<set-variable variableName="errorMessage" value="Upstream service bad gateway"
					doc:name="errorMessage" />
				<flow-ref name="global-bad-gateway-response-sub-flow"
					doc:name="global-bad-gateway-response-sub-flow" />
			</when>
			<when expression="#[message.inboundProperties['http.status'] == 503]">
				<set-variable variableName="errorMessage" value="Upstream service unavailable"
					doc:name="errorMessage" />
				<flow-ref name="global-service-unavailable-response-sub-flow"
					doc:name="global-service-unavailable-response-sub-flow" />
			</when>
                <when expression="#[message.inboundProperties['http.status'] == 400]">
                    <set-variable variableName="errorMessage" value="Bad Request" doc:name="errorMessage"/>
                    <flow-ref name="global-bad-request-response-sub-flow" doc:name="global-bad-request-response-sub-flow"/>
                </when>
			<otherwise>
				<set-variable variableName="errorMessage"
					value="Upstream service internal error" doc:name="errorMessage" />
				<flow-ref name="global-internal-server-error-response-sub-flow"
					doc:name="global-internal-server-error-response-sub-flow" />
			</otherwise>
		</choice>
	</catch-exception-strategy>
    <!-- 
    <catch-exception-strategy when="#[exception.causedBy(org.mule.module.ws.consumer.SoapFaultException)]" doc:name="Catch Exception Strategy - SOAP Fault">
		<set-variable variableName="errorMessage" value="SOAP Fault Exception"
			doc:name="errorMessage" />
		<flow-ref name="global-internal-server-error-response-sub-flow"
			doc:name="global-internal-server-error-response-sub-flow" />
 	</catch-exception-strategy>
     -->
    <!-- 
    <catch-exception-strategy  doc:name="Catch Exception Strategy - CXF Fault" when="#[exception.causedBy(org.apache.cxf.interceptor.Fault)]">
		<set-variable variableName="errorMessage" value="CXF Interceptor Fault Exception"
			doc:name="errorMessage" />
		<flow-ref name="global-internal-server-error-response-sub-flow"
			doc:name="global-internal-server-error-response-sub-flow" />
 	</catch-exception-strategy>
	 -->
	<catch-exception-strategy
		when="#[exception.causedBy(java.util.concurrent.TimeoutException)]"
		doc:name="Caused By (java.util.concurrent.TimeoutException)">
		<set-variable variableName="errorMessage"
			value="Unable to connect to upstream service. Request timed out."
			doc:name="errorMessage" />
		<flow-ref name="global-bad-gateway-response-sub-flow"
			doc:name="global-bad-gateway-response-sub-flow" />
	</catch-exception-strategy>
	<catch-exception-strategy
		when="#[exception.causedBy(java.lang.IllegalArgumentException)]"
		doc:name="Caused By (java.lang.IllegalArgumentException)">
		<set-variable variableName="errorMessage"
			value="#[exception.cause.message]"
			doc:name="errorMessage" />
		<flow-ref name="global-bad-request-response-sub-flow"
			doc:name="global-bad-request-response-sub-flow" />
	</catch-exception-strategy>
	<catch-exception-strategy
		when="#[exception.causedBy(java.util.NoSuchElementException)]"
		doc:name="Caused By (java.util.NoSuchElementException)">
		<set-variable variableName="errorMessage"
			value="Unable to connect to upstream service." doc:name="errorMessage" />
		<flow-ref name="global-bad-gateway-response-sub-flow"
			doc:name="global-bad-gateway-response-sub-flow" />
	</catch-exception-strategy>
	<catch-exception-strategy when="#[exception.causeMatches('java.net')]"
		doc:name="Cause Matches ('java.net')">
		<set-variable variableName="errorMessage"
			value="Unable to connect to upstream service." doc:name="errorMessage" />
		<flow-ref name="global-bad-gateway-response-sub-flow"
			doc:name="global-bad-gateway-response-sub-flow" />
	</catch-exception-strategy>
	<catch-exception-strategy
		when="#[exception.causedBy(org.mule.module.apikit.exception.NotFoundException)]"
		doc:name="Caused By (org.mule.module.apikit.exception.NotFoundException)">
		<set-variable variableName="errorMessage" value="Resource Not Found"
			doc:name="errorMessage" />
		<flow-ref name="global-resource-not-found-response-sub-flow"
			doc:name="global-resource-not-found-response-sub-flow" />
	</catch-exception-strategy>
	<catch-exception-strategy
		when="#[exception.causedBy(org.mule.module.apikit.exception.InvalidHeaderException)]"
		doc:name="Caused By (org.mule.module.apikit.exception.InvalidHeaderException)">
		<set-variable variableName="errorMessage" value="Invalid Header"
			doc:name="errorMessage" />
		<flow-ref name="global-bad-request-response-sub-flow"
			doc:name="global-bad-request-response-sub-flow" />
	</catch-exception-strategy>
	<catch-exception-strategy
		when="#[exception.causedBy(org.mule.module.apikit.exception.MethodNotAllowedException)]"
		doc:name="Caused By (org.mule.module.apikit.exception.MethodNotAllowedException)">
		<set-variable variableName="errorMessage" value="Method Not Allowed"
			doc:name="errorMessage" />
		<flow-ref name="global-method-not-allowed-response-sub-flow"
			doc:name="global-method-not-allowed-response-sub-flow" />
	</catch-exception-strategy>
	<catch-exception-strategy
		when="#[exception.causedBy(org.mule.module.apikit.exception.UnsupportedMediaTypeException)]"
		doc:name="Caused By (org.mule.module.apikit.exception.UnsupportedMediaTypeException)">
		<set-variable variableName="errorMessage" value="Unsupported Media Type"
			doc:name="errorMessage" />
		<flow-ref name="global-unsupported-media-type-response-sub-flow"
			doc:name="global-unsupported-media-type-response-sub-flow" />
	</catch-exception-strategy>
	<catch-exception-strategy
		when="#[exception.causedBy(org.mule.module.apikit.exception.NotAcceptableException)]"
		doc:name="Caused By (org.mule.module.apikit.exception.NotAcceptableException)">
		<set-variable variableName="errorMessage" value="Not Acceptable"
			doc:name="errorMessage" />
		<flow-ref name="global-not-acceptable-response-sub-flow"
			doc:name="global-not-acceptable-response-sub-flow" />
	</catch-exception-strategy>
	<catch-exception-strategy
		when="#[exception.causedBy(org.mule.module.apikit.exception.BadRequestException)]"
		doc:name="Caused By (org.mule.module.apikit.exception.BadRequestException)">
		<set-variable variableName="errorMessage" value="Bad Request"
			doc:name="errorMessage" />
		<flow-ref name="global-bad-request-response-sub-flow"
			doc:name="global-bad-request-response-sub-flow" />
	</catch-exception-strategy>
	<catch-exception-strategy
		when="#[exception.causedBy(org.mule.services.apiframework.exceptions.TooManyRequestsException)]"
		doc:name="Caused By (org.mule.services.apiframework.exceptions.TooManyRequestsException)">
		<set-variable variableName="errorMessage" value="Too Many Requests"
			doc:name="errorMessage" />
		<flow-ref name="global-bad-request-response-sub-flow"
			doc:name="global-bad-request-response-sub-flow" />
	</catch-exception-strategy>
	<catch-exception-strategy
		when="#[exception.causedBy(org.mule.services.apiframework.exceptions.ConflictException)]"
		doc:name="Caused By (org.mule.services.apiframework.exceptions.ConflictException)">
		<set-variable variableName="errorMessage" value="Conflict Exception"
			doc:name="errorMessage" />
		<flow-ref name="global-bad-request-response-sub-flow"
			doc:name="global-bad-request-response-sub-flow" />
	</catch-exception-strategy>
	<catch-exception-strategy
		when="#[exception.causedBy(org.mule.services.apiframework.exceptions.ForbiddenException)]"
		doc:name="Caused By (org.mule.services.apiframework.exceptions.ForbiddenException)">
		<set-variable variableName="errorMessage" value="Forbidden"
			doc:name="errorMessage" />
		<flow-ref name="global-bad-request-response-sub-flow"
			doc:name="global-bad-request-response-sub-flow" />
	</catch-exception-strategy>
	<catch-exception-strategy
		when="#[exception.causedBy(org.mule.services.apiframework.exceptions.NotModifiedException)]"
		doc:name="Caused By (org.mule.services.apiframework.exceptions.NotModifiedException)">
		<set-variable variableName="errorMessage" value="Not Modified Exception"
			doc:name="errorMessage" />
		<flow-ref name="global-bad-request-response-sub-flow"
			doc:name="global-bad-request-response-sub-flow" />
	</catch-exception-strategy>
	<catch-exception-strategy
		when="#[exception.causedBy(org.mule.services.apiframework.exceptions.ServiceUnavailableException)]"
		doc:name="Caused By (org.mule.services.apiframework.exceptions.ServiceUnavailableException)">
		<set-variable variableName="errorMessage" value="Service Unavailable"
			doc:name="errorMessage" />
		<flow-ref name="global-bad-request-response-sub-flow"
			doc:name="global-bad-request-response-sub-flow" />
	</catch-exception-strategy>
	<catch-exception-strategy
		when="#[exception.causedBy(java.sql.SQLException)]" doc:name="Caused By (java.sql.SQLException)">
		<set-variable variableName="errorMessage" value="Database Exception"
			doc:name="errorMessage" />
		<flow-ref name="global-internal-server-error-response-sub-flow"
			doc:name="global-internal-server-error-response-sub-flow" />
	</catch-exception-strategy>
	<catch-exception-strategy
		when="#[exception instanceof org.mule.api.MessagingException &amp;&amp; exception.causedExactlyBy(java.util.concurrent.TimeoutException)]" doc:name="Caused By Proxy Failure">
		<set-variable variableName="errorMessage" value="Database Exception"
			doc:name="errorMessage" />
		<flow-ref name="global-proxy-error-response-sub-flow"
			doc:name="global-proxy-error-response-sub-flow" />
	</catch-exception-strategy>
	<catch-exception-strategy doc:name="Default">
		<set-variable variableName="errorMessage"
			value="#[(message.inboundProperties['http.reason'] != null) ? message.inboundProperties['http.reason'] : &quot;An internal error has occurred.&quot;]" doc:name="errorMessage" />
		<flow-ref name="global-internal-server-error-response-sub-flow"
			doc:name="global-internal-server-error-response-sub-flow" />
	</catch-exception-strategy>
</choice-exception-strategy>

	<sub-flow name="global-bad-request-response-sub-flow">
		<set-property propertyName="http.status" value="400"
			doc:name="http.status" />
		<set-variable variableName="errorCode" value="400"
			doc:name="errorCode" />
		<flow-ref name="global-prepare-error-response-sub-flow"
			doc:name="global-prepare-error-response-sub-flow" />
	</sub-flow>
	<sub-flow name="unauthorized-response-sub-flow">
		<set-property propertyName="http.status" value="401"
			doc:name="http.status" />
		<set-variable variableName="errorCode" value="401"
			doc:name="errorCode" />
		<flow-ref name="global-prepare-error-response-sub-flow"
			doc:name="global-prepare-error-response-sub-flow" />
	</sub-flow>
	<sub-flow name="forbidden-response-sub-flow">
		<set-property propertyName="http.status" value="403"
			doc:name="http.status" />
		<set-variable variableName="errorCode" value="403"
			doc:name="errorCode" />
		<flow-ref name="global-prepare-error-response-sub-flow"
			doc:name="global-prepare-error-response-sub-flow" />
	</sub-flow>
	<sub-flow name="global-resource-not-found-response-sub-flow">
		<set-property propertyName="http.status" value="404"
			doc:name="http.status" />
		<set-variable variableName="errorCode" value="404"
			doc:name="errorCode" />
		<flow-ref name="global-prepare-error-response-sub-flow"
			doc:name="global-prepare-error-response-sub-flow" />
	</sub-flow>
	<sub-flow name="global-method-not-allowed-response-sub-flow">
		<set-property propertyName="http.status" value="405"
			doc:name="http.status" />
		<set-variable variableName="errorCode" value="405"
			doc:name="set error code" />
		<flow-ref name="global-prepare-error-response-sub-flow"
			doc:name="global-prepare-error-response-sub-flow" />
	</sub-flow>
	<sub-flow name="global-not-acceptable-response-sub-flow">
		<set-property propertyName="http.status" value="406"
			doc:name="http.status" />
		<set-variable variableName="errorCode" value="406"
			doc:name="errorCode" />
		<flow-ref name="global-prepare-error-response-sub-flow"
			doc:name="global-prepare-error-response-sub-flow" />
	</sub-flow>
	<sub-flow name="global-conflict-response-sub-flow">
		<set-property propertyName="http.status" value="409"
			doc:name="http.status" />
		<set-variable variableName="errorCode" value="409"
			doc:name="errorCode" />
		<flow-ref name="global-prepare-error-response-sub-flow"
			doc:name="global-prepare-error-response-sub-flow" />
	</sub-flow>
	<sub-flow name="global-unsupported-media-type-response-sub-flow">
		<set-property propertyName="http.status" value="415"
			doc:name="http.status" />
		<set-variable variableName="errorCode" value="415"
			doc:name="errorCode" />
		<flow-ref name="global-prepare-error-response-sub-flow"
			doc:name="global-prepare-error-response-sub-flow" />
	</sub-flow>
	<sub-flow name="global-proxy-error-response-sub-flow">
		<set-property propertyName="http.status" value="504"
			doc:name="http.status" />
		<set-variable variableName="errorCode" value="504"
			doc:name="errorCode" />
		<flow-ref name="global-prepare-error-response-sub-flow"
			doc:name="global-prepare-error-response-sub-flow" />
	</sub-flow>
	<sub-flow name="global-internal-server-error-response-sub-flow">
        <choice doc:name="HTTP status available?">
            <when expression="#[message.inboundProperties['http.status'] != null]">
                <set-property propertyName="http.status" value="#[message.inboundProperties['http.status']]" doc:name="http.status"/>
                <set-variable variableName="errorCode" value="#[message.inboundProperties['http.status']]" doc:name="errorCode"/>
            </when>
            <otherwise>
                <set-property propertyName="http.status" value="500" doc:name="http.status"/>
                <set-variable variableName="errorCode" value="500" doc:name="errorCode"/>
            </otherwise>
        </choice>
		<flow-ref name="global-prepare-error-response-sub-flow"
			doc:name="global-prepare-error-response-sub-flow" />
	</sub-flow>
	<sub-flow name="global-bad-gateway-response-sub-flow">
		<set-property propertyName="http.status" value="502"
			doc:name="http.status" />
		<set-variable variableName="errorCode" value="502"
			doc:name="errorCode" />
		<flow-ref name="global-prepare-error-response-sub-flow"
			doc:name="global-prepare-error-response-sub-flow" />
	</sub-flow>
	<sub-flow name="global-service-unavailable-response-sub-flow">
		<set-property propertyName="http.status" value="503"
			doc:name="http.status" />
		<set-variable variableName="errorCode" value="503"
			doc:name="errorCode" />
		<flow-ref name="global-prepare-error-response-sub-flow"
			doc:name="global-prepare-error-response-sub-flow" />
	</sub-flow>
	<sub-flow name="exception-variables">
        <set-variable variableName="exceptionMessage" value="#[exception.message + (exception.cause != null ? &quot; CAUSE: &quot; + exception.cause.message : &quot;&quot;)]" doc:name="exceptionMessage"/>

        <set-variable variableName="exceptionST" value="#[org.mule.util.ExceptionUtils.getStackTrace(exception)]" doc:name="exceptionStackTrace"/>
    </sub-flow>
	<sub-flow name="global-prepare-error-response-sub-flow">
        <flow-ref name="exception-variables" doc:name="exception-variables"/>

		       <!-- <async doc:name="Async"> -->
            <flow-ref name="setLogVariablesWithData" doc:name="setLogVariablesWithData"/>

     <!--        <expression-component doc:name="#[groovy: message.getExceptionPayload() != null]">
					<logger message="Request Exception Payload [#[message.getId()]]: #[groovy: 'Code: ' + message.getExceptionPayload().getCode()  + ' ' + message.getExceptionPayload().getRootException() + ' ' + message.getExceptionPayload().getMessage() + ' ' + message.getExceptionPayload().getInfo()]" level="{{ level }}"/>												
			</expression-component> -->


            <logger message="#[message.payloadAs(java.lang.String)]" level="ERROR" doc:name="Log exception payload"/>
        <dw:transform-message doc:name="Set JSON error response">
            <dw:input-payload mimeType="application/java"/>
            <dw:set-payload><![CDATA[%dw 1.0
%output application/json encoding="UTF-8", skipNullOn="everywhere"
---
{
	ResultInfo: { 
		code: flowVars.errorCode,
		message: flowVars.errorMessage,
		detail: "Exception Message: " ++ flowVars.exceptionMessage
	}
}]]></dw:set-payload>
        </dw:transform-message>
        <!-- </async> -->

        <logger message="Finished with Error" level="ERROR" doc:name="Log End with Error"/>


	</sub-flow>
	
    <sub-flow name="setLogVariablesWithData">
        <expression-component doc:name="Save environment and app variables"><![CDATA[flowVars.logApplicationName = app.name;
flowVars.logApplicationHost = server.host;
flowVars.logApplicationIP = server.ip;

flowVars.logTimestamp = server.dateTime.toString();
if (flowVars.logMessageId ==  null) {
flowVars.logMessageId = message.id;
}
flowVars.logFlowName = Thread.currentThread().getName();]]></expression-component>
<dw:transform-message doc:name="Map exception payload for logging">
            	<dw:input-payload mimeType="application/java"/>
                <dw:set-payload><![CDATA[%dw 1.0
%output application/json
---
{
	applicationName:flowVars.logApplicationName default null,
	applicationHost: flowVars.logApplicationHost default null,
	timestamp: flowVars.logTimestamp default null,
	messageId: flowVars.logMessageId default null,
	flowName: flowVars.logFlowName default null,
	rootCorrelationID: flowVars.rootCorrelationID,
	exceptionCode: flowVars.errorCode default null,
	exceptionMessage: (flowVars.exceptionMessage replace '"' with '') default null,
	exceptionSummaryMessage: flowVars.exceptionSummaryMessage,
	exceptionSeverity: 'ERROR',
	exceptionStack: flowVars.exceptionST default null
}]]></dw:set-payload>
</dw:transform-message>
    </sub-flow>
</mule>
