<?xml version="1.0" encoding="UTF-8"?>

<mule xmlns:context="http://www.springframework.org/schema/context" xmlns:http="http://www.mulesoft.org/schema/mule/http" xmlns:validation="http://www.mulesoft.org/schema/mule/validation" xmlns:tracking="http://www.mulesoft.org/schema/mule/ee/tracking" xmlns:dw="http://www.mulesoft.org/schema/mule/ee/dw"
	xmlns="http://www.mulesoft.org/schema/mule/core" xmlns:doc="http://www.mulesoft.org/schema/mule/documentation"
	xmlns:spring="http://www.springframework.org/schema/beans" 
	xmlns:xsi="http://www.w3.org/2001/XMLSchema-instance"
	xsi:schemaLocation="http://www.mulesoft.org/schema/mule/ee/dw http://www.mulesoft.org/schema/mule/ee/dw/current/dw.xsd
http://www.springframework.org/schema/beans http://www.springframework.org/schema/beans/spring-beans-current.xsd
http://www.mulesoft.org/schema/mule/core http://www.mulesoft.org/schema/mule/core/current/mule.xsd
http://www.mulesoft.org/schema/mule/http http://www.mulesoft.org/schema/mule/http/current/mule-http.xsd
http://www.mulesoft.org/schema/mule/validation http://www.mulesoft.org/schema/mule/validation/current/mule-validation.xsd
http://www.mulesoft.org/schema/mule/ee/tracking http://www.mulesoft.org/schema/mule/ee/tracking/current/mule-tracking-ee.xsd
http://www.springframework.org/schema/context http://www.springframework.org/schema/context/spring-context-current.xsd">
    <context:property-placeholder ignore-resource-not-found="true" ignore-unresolvable="true" location="classpath:ssn-constants.properties"/>
    <sub-flow name="ssn-verification-sub-flow">
        <dw:transform-message doc:name="Is SSN 9 digits?">
            <dw:set-variable variableName="nineDigits"><![CDATA[%dw 1.0
%output application/java
---
flowVars.ssn matches /\d{9}$/]]></dw:set-variable>
        </dw:transform-message>
        <validation:is-true exceptionClass="org.mule.module.apikit.exception.BadRequestException" expression="#[flowVars.nineDigits]" doc:name="SSN Less than 9 digits" message="SSN Needs to 9 digits long and without dashes"/>
        <dw:transform-message doc:name="Does SSN Contain Zeros?">
            <dw:set-variable variableName="containZeros"><![CDATA[%dw 1.0
%output application/java
%function checkforzeros(ssn)

	true when (ssn == '000000000' or 
		ssn[0..2] == '000' or 
		ssn[3..4] == '00' or 
		ssn[5..8] == '0000'
	) otherwise false

---
checkforzeros(flowVars.ssn)]]></dw:set-variable>
        </dw:transform-message>
        <validation:is-false exceptionClass="org.mule.module.apikit.exception.BadRequestException" expression="#[flowVars.containZeros]" doc:name="SSN Has All Zeros" message="SSN is invalid because there are all zeros is in any digit group (000-##-####, ###-00-####, ###-##-0000) or the SSN has all zeros"/>
        <dw:transform-message doc:name="Does SSN Contain Same Digits?">
            <dw:set-variable variableName="sameDigits"><![CDATA[%dw 1.0
%output application/java
%function checkforsamedigits(ssn)

	(ssn matches /^(\d)\1*$/)
	
---
checkforsamedigits(flowVars.ssn)]]></dw:set-variable>
        </dw:transform-message>
        <validation:is-false exceptionClass="org.mule.module.apikit.exception.BadRequestException" expression="#[flowVars.sameDigits]" doc:name="SSN Has Same Digits" message="SSN is invalid  because all the nine numerics are the same number (example, 111111111)"/>
        <dw:transform-message doc:name="Does SSN have Sequential Digit Groups?">
            <dw:set-variable variableName="sequentialDigitGrps"><![CDATA[%dw 1.0
%output application/java
%var firstDigit = flowVars.ssn[0..0] as :number
%var fourthDigit = flowVars.ssn[3..3] as :number
%var sixthDigit = flowVars.ssn[5..5] as :number
---
true when (((fourthDigit == firstDigit + 1) and 
		(sixthDigit == fourthDigit + 1) and 
		(sixthDigit == firstDigit + 2) and
		(flowVars.ssn[0..2] matches /^(\d)\1*$/) and
		(flowVars.ssn[3..4] matches /^(\d)\1*$/) and
		(flowVars.ssn[5..8] matches /^(\d)\1*$/)
	) or 
	((fourthDigit == firstDigit - 1) and 
		(sixthDigit == fourthDigit - 1) and 
		(sixthDigit == firstDigit - 2) and
		(flowVars.ssn[0..2] matches /^(\d)\1*$/) and
		(flowVars.ssn[3..4] matches /^(\d)\1*$/) and
		(flowVars.ssn[5..8] matches /^(\d)\1*$/)
	)) otherwise false]]></dw:set-variable>
        </dw:transform-message>
        <validation:is-false exceptionClass="org.mule.module.apikit.exception.BadRequestException" expression="#[flowVars.sequentialDigitGrps]" doc:name="SSN hasSequential Digit Groups?" message="SSN is invalid when there are digit groups which are sequential (111223333, 222334444, etc)"/>
        <dw:transform-message doc:name="Does SSN have number sequences?">
            <dw:set-variable variableName="numberSequence"><![CDATA[%dw 1.0
%output application/java
%function checkforsequences(ssn)

	true when (ssn == p('ssn.forward.sequence') or 
		ssn == p('ssn.backward.sequence')
	) otherwise false
---
checkforsequences(flowVars.ssn)]]></dw:set-variable>
        </dw:transform-message>
        <validation:is-false exceptionClass="org.mule.module.apikit.exception.BadRequestException" expression="#[flowVars.numberSequence]" doc:name="SSN Has Number Sequences" message="SSN is invalid when numbers are 123456789 or 987654321"/>
        <dw:transform-message doc:name="Does SSN Start with 666 or 999?">
            <dw:set-variable variableName="firstDigitGrp"><![CDATA[%dw 1.0
%output application/java
%function checkfor666or999(ssn)

	true when (ssn[0..2] == p('ssn.666.first.group') or 
		ssn[0..2] == p('ssn.999.first.group')
	) otherwise false
---
checkfor666or999(flowVars.ssn)]]></dw:set-variable>
        </dw:transform-message>
        <validation:is-false exceptionClass="org.mule.module.apikit.exception.BadRequestException" expression="#[flowVars.firstDigitGrp]" doc:name="SSN Starts with 666 or 999" message="SSN is invalid when there is 666 or 999 in the first digit group"/>
        <dw:transform-message doc:name="Is SSN for Advertisements or IRS Testing?">
            <dw:set-variable variableName="adSSN"><![CDATA[%dw 1.0
%output application/java
%function inRange(n,start,end)

	(n >= start) and n <= end
---
true when (inRange(flowVars.ssn as :number, p('ssn.advertisement.range.start') as :number, p('ssn.advertisement.range.end') as :number) or 
	(flowVars.ssn as :string == p('ssn.advertisement.type1')) or 
	(flowVars.ssn as :string == p('ssn.advertisement.type2')) or 
	inRange(flowVars.ssn as :number, p('ssn.testing.range.start') as :number, p('ssn.testing.range.end') as :number)
) otherwise false]]></dw:set-variable>
        </dw:transform-message>
        <validation:is-false exceptionClass="org.mule.module.apikit.exception.BadRequestException" expression="#[flowVars.adSSN]" doc:name="SSN is for Ads or Testing" message="Numbers from 987654320 to 987654329 and SSNs 078051120 and 219099999 are reserved for use in advertisements. Also Numbers from 400001001 to 400001099 are reserved for IRS testing"/>

    </sub-flow>
</mule>
